Workbook

Sheet Sales_Data
H1: Solution 1
A2: Employee ID | B2: Employee Name | C2: Region | D2: Product ID | E2: Units Sold | F2: Sales Amount | H2: Product Name | I2: Price_per_unit | J2: Total_sales_value
A3: E101 | B3: Rahul Mehta | C3: North | D3: P001 | E3: 15 | F3: 45000 | H3: =VLOOKUP(D3,Product_Master!A1:D6,2,FALSE) -> Laptop | I3: =VLOOKUP(D3,Product_Master!$A$2:$D$7,4,FALSE) -> 3000 | J3: =E3*I3 -> 45000
A4: E102 | B4: Priya Sharma | C4: South | D4: P002 | E4: 20 | F4: 60000 | H4: =VLOOKUP(D4,Product_Master!A2:D7,2,FALSE) -> Smartphone | I4: =VLOOKUP(D4,Product_Master!$A$2:$D$7,4,FALSE) -> 3000 | J4: =E4*I4 -> 60000
A5: E103 | B5: Aman Verma | C5: East | D5: P003 | E5: 10 | F5: 35000 | H5: =VLOOKUP(D5,Product_Master!A3:D8,2,FALSE) -> Headphones | I5: =VLOOKUP(D5,Product_Master!$A$2:$D$7,4,FALSE) -> 3500 | J5: =E5*I5 -> 35000
A6: E104 | B6: Sneha Patel | C6: West | D6: P004 | E6: 25 | F6: 125000 | H6: =VLOOKUP(D6,Product_Master!A4:D9,2,FALSE) -> Printer | I6: =VLOOKUP(D6,Product_Master!$A$2:$D$7,4,FALSE) -> 5000 | J6: =E6*I6 -> 125000
A7: E105 | B7: Rohan Gupta | C7: North | D7: P005 | E7: 12 | F7: 48000 | H7: =VLOOKUP(D7,Product_Master!A5:D10,2,FALSE) -> Monitor | I7: =VLOOKUP(D7,Product_Master!$A$2:$D$7,4,FALSE) -> 4000 | J7: =E7*I7 -> 48000
A8: E106 | B8: Meena Iyer | C8: East | D8: P002 | E8: 18 | F8: 54000 | H8: =VLOOKUP(D8,Product_Master!A1:D6,2,FALSE) -> Smartphone | I8: =VLOOKUP(D8,Product_Master!$A$2:$D$7,4,FALSE) -> 3000 | J8: =E8*I8 -> 54000
A9: E107 | B9: Deepak Rao | C9: South | D9: P003 | E9: 22 | F9: 77000 | H9: =VLOOKUP(D9,Product_Master!A1:D6,2,FALSE) -> Headphones | I9: =VLOOKUP(D9,Product_Master!$A$2:$D$7,4,FALSE) -> 3500 | J9: =E9*I9 -> 77000
A10: E108 | B10: Kavita Das | C10: West | D10: P001 | E10: 30 | F10: 90000 | H10: =VLOOKUP(D10,Product_Master!A1:D6,2,FALSE) -> Laptop | I10: =VLOOKUP(D10,Product_Master!$A$2:$D$7,4,FALSE) -> 3000 | J10: =E10*I10 -> 90000
A11: E109 | B11: Ajay Nair | C11: North | D11: P004 | E11: 14 | F11: 70000 | H11: =VLOOKUP(D11,Product_Master!A1:D6,2,FALSE) -> Printer | I11: =VLOOKUP(D11,Product_Master!$A$2:$D$7,4,FALSE) -> 5000 | J11: =E11*I11 -> 70000
A12: E110 | B12: Neha Kulkarni | C12: East | D12: P005 | E12: 8 | F12: 32000 | H12: =VLOOKUP(D12,Product_Master!A1:D6,2,FALSE) -> Monitor | I12: =VLOOKUP(D12,Product_Master!$A$2:$D$7,4,FALSE) -> 4000 | J12: =E12*I12 -> 32000
I14: Total Revenue | J14: =SUM(J3:J12) -> 636000

Sheet Product_Master
A1: Product ID | B1: Product Name | C1: Category | D1: Price per Unit
A2: P001 | B2: Laptop | C2: Electronics | D2: 3000
A3: P002 | B3: Smartphone | C3: Electronics | D3: 3000
A4: P003 | B4: Headphones | C4: Accessories | D4: 3500
A5: P004 | B5: Printer | C5: Office Supplies | D5: 5000
A6: P005 | B6: Monitor | C6: Electronics | D6: 4000
C8: #N/A

Sheet Monthly Target
A1: Region | B1: North | C1: South | D1: East | E1: West
A2: Target Sales | B2: 150000 | C2: 140000 | D2: 120000 | E2: 160000
A6: Solution 2 | F6: Solution 3
A7: Region | B7: Actual_Sales | C7: Target_Sales | D7: Performance vs Target | F7: Region | G7: Price per Unit | H7: Units Sold | I7: Total Sales (Formula) | J7: Target Revenue (₹10,00,000) | K7: Units Needed (Goal Seek Formula)
A8: North | B8: =SUMIF(Sales_Data!C3:C12,'Monthly Target'!A8,Sales_Data!F3:F12) -> 163000 | C8: =HLOOKUP(A8,$A$1:$E$2,2,FALSE) -> 150000 | D8: =B8-C8 -> 13000 | F8: North | G8: 3000 | H8: 250 | I8: =G8*H8 -> 750000 | J8: 1000000 | K8: =J8/G8 -> 333.33333
A9: South | B9: =SUMIF(Sales_Data!C4:C13,'Monthly Target'!A9,Sales_Data!F4:F13) -> 137000 | C9: =HLOOKUP(A9,$A$1:$E$2,2,FALSE) -> 140000 | D9: =B9-C9 -> -3000 | F9: South | G9: 2800 | H9: 200 | I9: =G9*H9 -> 560000 | J9: 1000000 | K9: =J9/G9 -> 357.14286
A10: East | B10: =SUMIF(Sales_Data!C5:C14,'Monthly Target'!A10,Sales_Data!F5:F14) -> 121000 | C10: =HLOOKUP(A10,$A$1:$E$2,2,FALSE) -> 120000 | D10: =B10-C10 -> 1000 | F10: East | G10: 3500 | H10: 180 | I10: =G10*H10 -> 630000 | J10: 1000000 | K10: =J10/G10 -> 285.71429
A11: West | B11: =SUMIF(Sales_Data!C6:C15,'Monthly Target'!A11,Sales_Data!F6:F15) -> 215000 | C11: =HLOOKUP(A11,$A$1:$E$2,2,FALSE) -> 160000 | D11: =B11-C11 -> 55000 | F11: West | G11: 4000 | H11: 220 | I11: =G11*H11 -> 880000 | J11: 1000000 | K11: =J11/G11 -> 250
